<?xml version="1.0" encoding="UTF-8"?>
<project-private xmlns="http://www.netbeans.org/ns/project-private/1">
    <editor-bookmarks xmlns="http://www.netbeans.org/ns/editor-bookmarks/2" lastBookmarkId="1">
        <file>
            <url>file:/C:/Users/w0017688/Documents/fusb302_firmware_mike/core/PDProtocol.c</url>
            <bookmark id="1">
                <name/>
                <line>810</line>
                <key/>
            </bookmark>
        </file>
    </editor-bookmarks>
    <open-files xmlns="http://www.netbeans.org/ns/projectui-open-files/2">
        <group>
            <file>file:/C:/Users/w0017688/Documents/fusb302_firmware_mike/core/vdm/vdm.h</file>
            <file>file:/C:/Users/w0017688/Documents/fusb302_firmware_mike/core/vdm/vdm_types.h</file>
            <file>file:/C:/Users/w0017688/Documents/fusb302_firmware_mike/core/vdm/vdm.c</file>
            <file>file:/C:/Users/w0017688/Documents/fusb302_firmware_mike/core/PD_Types.h</file>
            <file>file:/C:/Users/w0017688/Documents/fusb302_firmware_mike/core/vdm/vdm_callbacks.c</file>
            <file>file:/C:/Users/w0017688/Documents/fusb302_firmware_mike/core/PDPolicy.c</file>
        </group>
    </open-files>
</project-private>
